INSERT INTO `publishing_house` VALUES (1,'Crunchyroll'),(2,'Meian'),(3,'Doki-doki'),(4,'Delcourt'),(5,'Pika'),(6,'Kana'),(7,'piccoma Europe'),(8,'Crunchyroll, Kazé'),(9,'Panini'),(10,'Delcourt, Tonkam'),(11,'Asuka, Tonkam'),(12,'Akata'),(13,'Glénat'),(14,'Kurokawa'),(15,'Tonkam'),(16,'Ki-oon');

INSERT INTO `genre` VALUES (1,'Shonen'),(2,'Shojo'),(3,'Seinen'),(4,'Josei'),(5,'Kodomo'),(6,'Isekai'),(7,'Manhwa');

INSERT INTO `manga` VALUES (1,'Naruto','L''histoire commence pendant l''adolescence de Naruto, vers ses douze ans. Orphelin cancre et grand farceur, il fait toutes les bêtises possibles pour se faire remarquer. Son rêve : devenir Hokage afin d''être reconnu par les habitants de son village. En effet, le démon renard à neuf queues scellé en lui a attisé la crainte et le mépris des autres villageois, qui, avec le temps, ne font plus de différence entre Kyûbi et Naruto. Malgré cela, Naruto s''entraîne dur afin de devenir genin, le premier niveau chez les ninjas. Après plusieurs essais, il arrive finalement à recevoir son bandeau frontal de Konoha et la promotion qui va avec. Il est alors inclus dans une équipe de trois apprentis ninjas, avec Sakura Haruno et le talentueux Sasuke Uchiwa, qui veut venger les personnes chères à ses yeux, en tuant son frère Itachi Uchiwa. Peu après, ils rencontrent leur jōnin (ninja de classe supérieure), celui qui s''occupera de leur formation : le mystérieux Kakashi Hatake. Au début craint et méprisé par ses pairs, il va peu à peu monter en puissance et gagner le respect et l''affection des villageois grâce notamment aux combats dantesques qu''il remportera face aux ennemis les plus puissants de Konoha.','/static/naruto.jpg','Masashi Kishimoto','Masashi Kishimoto','Masashi Kishimoto',1999,1,1,1,1,'2015-04-06','2015-06-02'),(2,'Dragon Ball','Dragon Ball follows the adventures of Son Goku, a young boy with extraordinary abilities and superhuman strength. The story begins when Goku meets Bulma, a girl in search of the Dragon Balls, seven magical spheres that, when gathered, grant the possessor the ability to summon the dragon Shenron and make a wish. Together, Goku and Bulma embark on a journey to find the Dragon Balls, facing powerful adversaries, monsters, and making new friends along the way. Throughout their journey, they encounter other iconic characters such as Master Roshi, Emperor Pilaf, and Yamcha, a desert bandit. The story unfolds through various narrative arcs, with Goku growing stronger through his training with Master Roshi and encounters with other martial arts masters like Master Karin and Master Roshi. They also face increasingly powerful adversaries, such as the Red Ribbon Army led by General Red, and Piccolo Daimao, an evil demon seeking to conquer the world.','/static/dragonBall_db.jpg','Akira Toriyama','Akira Toriyama','Akira Toriyama',1984,1,1,1,1,'1997-01-17','1995-06-04'),(3,'One Piece','Monkey D. Luffy, a young boy with a fiery temperament, dreams of becoming the greatest pirate of all time and finding the legendary treasure known as \'One Piece\'. To achieve his dream, he decides to assemble a fearless crew and set out on an adventure across the sea. Luffy possesses a unique advantage: after eating a Devil Fruit called the \'Gomu Gomu no Mi\', his body gains the ability to stretch his limbs like rubber. Their quest takes them through the treacherous seas of the Grand Line, an ocean filled with deadly dangers, mysteries, and unimaginable treasures. Throughout their journey, they find themselves confronted by the Marines, a powerful military force that hunts pirates, as well as other notorious pirates, criminal groups, and secret organizations, all eager to lay claim to the ultimate treasure, the One Piece.','/static/OP_db.png','Eiichiro Oda','Eiichiro Oda','Eiichiro Oda',1997,2,1,0,0,NULL,NULL),(4,'Nana','Nana follows the lives of two young women, both named Nana, who meet by chance and decide to live together in Tokyo.','/static/nanaTome1.png','Ai Yazawa','Ai Yazawa','Ai Yazawa',2000,4,2,1,1,'2002-09-11','2000-05-15'),(5,'Jujutsu Kaisen','Jujutsu Kaisen follows Yuji Itadori, a high school student who becomes the host of a powerful curse after ingesting a cursed finger. Joining an exorcism school, he teams up with fellow apprentice exorcists to fight malevolent entities and collect the parts of an ancient curse. Amid supernatural battles and personal quests, Yuji navigates a world where magic and monsters shape destiny.','/static/jujutsuKaisenTome0.png','Gege Akutami','Gege Akutami','Gege Akutami',2018,1,1,0,0,NULL,NULL),(6,'Hunter X Hunter','Gon Freecss, a young boy who discovers that his father, whom he thought was dead, is actually a legendary Hunter, alive and embarked on a quest in search of treasures, unexplored places, and mysterious creatures. Determined to find his father, Gon decides to take the Hunter Exam, a perilous contest reserved for the elite of adventurers. Throughout his journey, Gon befriends other candidates: Leorio, Kurapika, and Killua. Together, they will face numerous challenges, uncover the vast and dangerous world of Hunters and its dark secrets.','/static/hunterXHunterTome1.png','Yoshihiro Togashi','Yoshihiro Togashi','Yoshihiro Togashi',1998,1,1,0,0,NULL,NULL),(7,'Love Hina','Keitarô Urashima est un étudiant de 19 ans qui semble avoir tout raté. Peu populaire auprès des filles, il a raté plusieurs fois l\'examen d\'entrée de Tôdai (Tokyo Daigaku, l\'université de Tokyo), au grand dam de ses parents, qui décident de mettre à la porte leur bon à rien de fils. La mine triste et ses rêves d\'avenir brisés, Keitarô décide toutefois de ne pas se laisser abattre : il décide d\'aller rendre visite à sa grand mère, qui tient une pension pour jeunes filles, la pension Hinata.','/static/loveHinaTome1.JPG','Akamatsu Ken','Akamatsu Ken','Akamatsu Ken',1999,5,1,1,1,'2004-04-20','2002-01-17'),(8,'Negima ! Le Maître Magicien','Negi Springfield est un jeune apprenti magicien de 10 ans. Après 7 ans d\'études dans une école de magie écossaise dans le but de devenir Maître Magicien, il décroche enfin son diplôme. Mais pour achever sa formation, une épreuve un peu curieuse lui est imposée : il doit quitter l\'Ecosse pour effectuer un stage de trois mois en tant que professeur d\'Anglais dans une classe de filles au Japon ! C\'est ainsi que Negi devient le professeur d\'Anglais de la classe 2A du collège Mahora, au grand étonnement de ses élèves. La plupart d\'entres elles, toutefois, finissent par s\'attacher à lui, et le chouchoutent dès qu\'elles le peuvent. Toutes sauf une : Asuna. Cette dernière, n\'aimant pas les enfants, ne supporte pas de recevoir les ordres d\'un petit \"morveux\". Mais à force de gentillesse, les choses vont finir par s\'arranger.','/static/negimaTome1.JPG','Akamatsu Ken','Akamatsu Ken','Akamatsu Ken',2003,5,1,1,1,'2013-01-30','2012-05-17'),(9,'Fairy Tail','Lucy est une jeune magicienne de 16 ans à la recherche d\'une guilde. Fan de magie depuis sa plus tendre enfance, elle lisait régulièrement des magazines sur les guildes, et a finalement voulu en intégrer une. Dans ce but, elle est devenue magicienne des clés stellaires, un mage capable d\'appeler des esprits avec qui il a conclu un pacte au moyen de clés.','/static/fairyTailTome1.JPG','Mashima Hiro','Mashima Hiro','Mashima Hiro',2006,5,1,1,1,'2018-06-27','2017-11-17'),(10,'Détective Conan','Shinichi Kudo est un brillant lycéen promis à un grand avenir. Il vit seul car ses parents vivent aux États-Unis, mais il passe beaucoup de temps avec Ran, son amie d\'enfance qu\'il aime en secret, ou avec le professeur Agasa. C\'est un excellent détective, qui a le sens de l\'observation et un très bon esprit de déduction, mais un jour, il va se faire surprendre alors qu\'il espionnait deux hommes en noir suspects. Ils lui feront alors prendre un médicament censé le tuer, mais qui va le faire rajeunir et il redeviendra un enfant de 6 ans. Coincé dans ce corps, Shinichi se fera alors passer pour Conan Edogawa, neveu du professeur, et se fera \"adopter\" par Ran dont le père est détective privé. Conan espère ainsi retrouver les hommes en noir, et enfin redevenir lui même.','/static/detectiveConanTome1.JPG','Aoyama Gosho','Aoyama Gosho','Aoyama Gosho',1994,6,1,0,0,NULL,NULL),(11,'Solo Leveling','Dix ans auparavant, des portails ont commencé à apparaître un peu partout dans le monde. Ces portails ont la particularité de connecter le monde à d\'autres dimensions, donjons ou mondes parallèles. En même temps, certaines personnes ont développé des capacités afin de pouvoir chasser ces portails. On appelle ceux qui reçoivent un Éveil, des Chasseurs.','/static/soloLevelingTome1.JPG','Chu Gong','N-Goon','Jang Seong Rak',2018,7,7,0,0,NULL,NULL),(12,'Black Clover','Asta et Yuno sont deux adolescents de 15 ans qui ont grandi ensemble dans un petit village du royaume de Clover. Leur but ultime à tous les deux est de devenir le prochain empereur-mage !','/static/blackCloverTome1.JPG','Tabata Yuuki','Tabata Yuuki','Tabata Yuuki',2015,8,1,0,0,NULL,NULL),(13,'Mashle','Dans un monde où la magie fait loi, il était une fois Mash Burnedead ! Élevé au fin fond de la forêt, le jeune garçon passe ses journées entre séances de musculation et dégustations de choux à la crème.','/static/mashleTome1.JPG','Komoto Hajime','Komoto Hajime','Komoto Hajime',2020,8,1,1,1,'2024-02-21','2023-10-04'),(14,'Shaman King','Manta est, malgré sa petite taille, un brillant étudiant au lycée de Tokyo. Un jour, alors qu\'il rentre tard de ses cours du soir, il coupe par le cimetière pour gagner du temps. C\'est là qu\'il rencontre Yoh Asakura, héritier d\'une famille de shaman, faisant la fête avec les fantômes des morts enterrés dans ce cimetière. Paralysé de peur, Manta s\'enfuit, mais il revoit Yoh le lendemain, dans son lycée. Celui-ci lui apprend qu\'il est venue à Tokyo dans le but de participer au Shaman Fight, une compétition permettant de désigner le Shaman King. Pour cela, Yoh tente de convaincre un maximum d\'esprit de l\'accompagner, mais celui qui l\'intéresse le plus est Amidamaru, le fantôme d\'un samouraï exécuté sur la colline il y a plus de 600 ans.','/static/shamanKingTome1.JPG','Takei Hiroyuki',' Takei Hiroyuki',' Takei Hiroyuki',1998,6,1,1,1,'2006-06-16','2005-01-05'),(15,'20th Century Boys','1969 : Un groupe d\'enfants se retrouve régulièrement dans une « base secrète » ; sous l\'impulsion de Kenji Endô, les enfants inventent une histoire de science-fiction racontant la destruction de l\'humanité par une organisation maléfique à laquelle ils s\'opposaient pour finir par devenir les sauveurs du monde. Ils consignent cette histoire dans un Cahier de Prédictions.','/static/20thTome1.JPG','Urasawa Naoki','Nagasaki Takashi','Urasawa Naoki',2000,9,3,1,1,'2007-07-12','2006-11-30'),(16,'Perfect Crime','Tadashi Usobuki, un homme plein de mystère, est capable de tuer n\'importe qui sans que l\'on puisse l\'accuser de quoique ce soit. En effet, son seul pouvoir est celui de convaincre sa victime. Pour lui demander un service, il faut lui laisser ses coordonnées dans une cabine téléphonique qui se trouve dans certain parc...','/static/perfectCrimeTome1.JPG','Miyatsuki Arata','Miyatsuki Arata','Kanzaki Yuya',2013,10,3,1,1,'2022-09-21','2021-01-19'),(17,'Boruto','Boruto - Naruto Next Generations est la continuation du célèbre manga Naruto.','/static/borutoTome1.JPG','Kishimoto Masashi','Kodachi Ukyo, Kishimoto Masashi ','Ikemoto Mikio',2016,6,1,1,0,NULL,'2023-06-02'),(18,'Banana Fish','1973, le Vietnam, un soldat américain perd la tête et tire sur ses camarades. Dès lors, il ne parle plus, si ce n\'est pour laisser échapper parfois ces deux seuls mots, \"Banana Fish\". Douze ans plus tard, à New York, la police enquête sur une série de suicides pour le moins douteux. Un jour, un homme est abattu froidement dans la rue et, avant de mourir, remet à un jeune chef de bande nommé Ash une mystérieuse substance. Quel lien y a-t-il entre ces morts suspectes ? Ash va tenter de découvrir la vérité...','/static/bananaFishTome1.JPG','Yoshida Akimi','Yoshida Akimi','Yoshida Akimi',1985,9,2,1,1,'2006-11-23','1994-09-26'),(19,'Code Geass - Lelouch of the Rebellion','Durant l\'été de l\'année 2011 du calendrier impérial, le Saint Empire de Britannia déclare la guerre au Japon. Après un mois d\'affrontement, le Japon est vaincu et l\'Empire retire aux Japonais leur liberté, leurs droits et leur nom. Le Japon est rebaptisé \"Area 11\" et les Japonais, des Elevens. Durant cette guerre, deux enfants assistent au massacre, et l\'un d\'eux jure de détruire Britannia.','/static/codeGeassTome1.JPG','Okouchi Ichiro, Taniguchi Goro','Okouchi Ichiro, Taniguchi Goro',' Majiko!',2006,11,2,1,1,'2011-01-26','2010-03-26'),(20,'orange','Un jour de printemps, Naho Takamiya, âgée de 16 ans, reçoit une étrange lettre signée de son propre nom, datant de dix ans dans le futur. Elle croit d\'abord bien sûr à une plaisanterie. Cependant, en commençant à lire la lettre et les détails qui y sont écrits, elle se rend compte au fur et à mesure que des événements relatés se sont réalisés, tels que l\'arrivée du nouvel étudiant, Kakeru Naruse, qui est assis à côté d\'elle en classe.','/static/orangeTome1.JPG','Takano Ichigo','Takano Ichigo','Takano Ichigo',2012,12,2,1,1,'2022-11-17','2022-04-12'),(21,'Death Note','Light Yagami est un jeune lycéen de 17 ans qui possède toutes les qualités pour devenir un brillant policier comme son père, mais il s\'ennuie. Les cours lui semblent trop simple, et la vie trop ennuyeuse. Un jour, il trouve le Death Note d\'un Shinigami (un Dieu de la Mort). Il y est écrit que chaque nom de personne inscrit provoquera la mort de celle-ci, par crise cardiaque, ou par accident au choix de l\'utilisateur.','/static/deathNoteTome1.JPG','Ohba Tsugumi','Ohba Tsugumi','Obata Takeshi',2003,6,1,1,1,'2008-10-03','2006-07-04'),(22,'Alice in Borderland','Alice Ryôhei, 18 ans, est ce qu\'on appelle un échec de la société. Il tente vainement de réussir des examens pour garantir son futur mais rien n\'y fait : il veut rester dans ce monde insouciant de l\'enfance. Il est d\'autant plus découragé que son frère est son exact opposé : il est le parfait exemple de la réussite scolaire et sociale.','/static/AliceInBorderlandTome1.JPG','Asou Haro','Asou Haro','Asou Haro',2010,10,1,1,1,'2017-07-05','2016-04-18'),(23,'Berserk','Dans un monde médiéval et marqué par un passé difficile, erre un mercenaire solitaire nommé Guts, décidé à être seul maître de son destin. Autrefois contraint par un pari perdu à rejoindre les Faucons, une troupe de mercenaires dirigés par Griffith, Guts fut acteur de nombreux combats sanglants et témoin de sombres intrigues politiques. Mais il réalisa soudain que la fatalité n\'existe pas et qu\'il pouvait reprendre sa liberté s\'il le désirait vraiment...','/static/BerserkTome1.JPG','Kentarō Miura','Kentarō Miura','Kentarō Miura',1989,13,3,0,0,NULL,NULL),(24,'Blue Lock','Coupe du monde 2018, l\'équipe de football du Japon est éliminée en huitièmes de finale... Ce nouvel échec incite l\'Union japonaise de football à fonder le \"Blue Lock\" : un centre de formation révolutionnaire rassemblant les 300 meilleurs attaquants lycéens du pays.','/static/BlueLockTome1.JPG','Kaneshiro Muneyuki','Kaneshiro Muneyuki',' Nomura Yusuke',2018,5,1,0,0,NULL,NULL),(25,'D.Gray-Man','Allen Walker est un jeune exorciste de 15 ans qui rejoint une organisation : la Congrégation de l\'Ombre, suite à son entraînement avec le Maréchal Cross Marian, exorciste avec des capacités supérieures.','/static/DgreyManTome1.JPG','Hoshino Katsura','Hoshino Katsura','Hoshino Katsura',2004,13,1,0,0,NULL,NULL),(26,'Fullmetal Alchemist','À Amestris, un immense pays, l\'armée tient une place très importante puisque son dirigeant, King Bradley, est également le président du pays. Cette armée est soutenue par des alchimistes, les Alchimistes d\'État dont le plus jeune, Edward Elric, a pour spécialité le métal. On le surnomme le Fullmetal Alchemist.','/static/FullmetalAlchemistTome1.JPG','Arakawa Hiromu','Arakawa Hiromu','Arakawa Hiromu',2001,14,1,1,1,'2011-07-07','2010-11-22'),(27,'Kingdom','Au sein du Royaume de Qin vivent deux orphelins, Hyo et Shin. Au beau milieu des champs de bataille, les deux frères espèrent un jour qu\'eux aussi, ils pourront servir leur royaume en combattant aux côtés des soldats qu\'ils admirent. Alors qu\'un jour, les deux orphelins se trouvent séparés, Shin décide de poursuivre son chemin pour devenir un grand général.','/static/KingdomTome1.JPG','Hara Yasuhisa','Hara Yasuhisa','Hara Yasuhisa',2006,2,3,0,0,NULL,NULL),(28,'Yu-Gi-Oh !','Yûgi Mutô est un jeune lycéen introverti. De part sa petite taille et sa trop grande gentillesse, il est souvent victime des brimades des caïds de l\'établissement.','/static/Yu-Gi-Oh!Tome1.JPG','Takahashi Kazuki',' Takahashi Kazuki',' Takahashi Kazuki',1996,6,1,1,1,'2005-12-02','2004-06-04'),(29,'Sun-Ken Rock','Kitano Ken, un jeune Japonais, est un looser et passe son temps à se lamenter sur son sort. Un jour il décide de prendre son destin en main : il part à Séoul. Il veut retrouver Yumin, une fille qu\'il aime. Elle travaille dans la police. Afin de l\'impressionner, Ken veut devenir agent de police... Mais le chemin est semé d\'embûche.','/static/Sun-KenRockTome1.JPG','Boichi','Boichi','Boichi',2006,3,3,1,1,'2016-11-09','2016-04-25'),(30,'Vagabond','En 1600 a lieu la terrible bataille de Sekigahara, qui assied le pouvoir du shôgun Tokugawa. Parmi les combattants se trouve Musashi, le fils d\'un grand samurai, qui est prêt à tout pour survivre.','/static/VagabondTome1.JPG','Inoue Takehiko',' Inoue Takehiko',' Inoue Takehiko',1999,15,3,0,0,NULL,NULL),(31,'My Hero Academia','Dans un monde où 80 % de la population possède un super‑pouvoir appelé alter, les héros font partie de la vie quotidienne. Et les super‑vilains aussi ! Face à eux se dresse l\'invincible All Might, le plus puissant des héros ! Le jeune Izuku Midoriya en est un fan absolu. Il n\'a qu\'un rêve : entrer à la Hero Academia pour suivre les traces de son idole. Le problème, c\'est qu\'il fait partie des 20 % qui n\'ont aucun pouvoir... Son destin est bouleversé le jour où sa route croise celle d\'All Might en personne ! Ce dernier lui offre une chance inespérée de voir son rêve se réaliser. Pour Izuku, le parcours du combattant ne fait que commencer !','/static/MyHeroAcademiaTome1.JPG','Horikoshi Kohei','Horikoshi Kohei','Horikoshi Kohei',2014,16,1,0,0,NULL,NULL),(32,'L\'Attaque des Titans','Eren est un petit garçon rêvant de voyager dans le monde extérieur. Mais cela est impossible car il vit dans une ville fortifiée aux murailles dépassant les cinquante mètres de haut. Ces remparts sont nécessaires à la sécurité des habitants car ils sont les derniers représentants de l\'humanité, obligés de se cacher pour échapper aux titans qui ont massacré la majeure partie du genre humain un siècle plus tôt. Eren est têtu : il ne se doute pas de la violence des combats qui ont opposé les hommes aux titans. Il décide de poster sa candidature pour devenir éclaireur, car il s\'agit des seuls soldats autorisés à sortir de la ville pour en savoir plus sur les titans. Mais un beau jour, un géant parvient à détruire le mur qui protégeait la ville et ouvre la voie à plusieurs dizaines de ses congénères ! Eren assiste impuissant à la mort atroce de sa mère qui finit dévorée. Alors qu\'il fuit avec d\'autres survivants, il se jure de se venger et de détruire la race des titans jusqu\'à ce qu\'il n\'en reste plus un seul !!','/static/SnkTome1.JPG','Isayama Hajime','Isayama Hajime','Isayama Hajime',2009,5,1,1,1,'2021-10-13','2021-06-09'),(33,'Bleach','Ichigo Kurosaki, jeune lycéen de 15 ans dans la ville de Karakura, a l\'étonnante capacité de pouvoir voir et communiquer avec les âmes errantes, suite à l\'accident qui lui enleva sa mère... Vivant désormais avec son père et ses deux soeurs cadettes, Ichigo parvient tant bien que mal à gérer cet aspect de sa vie. Jusqu\'au jour où il croisera le chemin d\'une shinigami (déesse de la mort), Rukia Kuchiki, poursuivant une de ces âmes errantes ayant choisi le mauvais chemin vers l\'éternité...','/static/BleachTome1.JPG','Kubo Tite','Kubo Tite','Kubo Tite',2001,13,1,1,1,'2017-09-06','2016-11-04'),(34,'Assassination Classroom','Au lycée Kunugigaoka se trouve la classe 3-E, exclue dans les montagnes pour étudier et surtout pour assassiner leur professeur, Koro-sensei. En effet, cette étrange créature, ressemblant à un smiley avec des tentacules, a réussi à trouer la lune jusqu\'à ce que celle-ci en devienne un croissant ! Il posa alors ses conditions au gouvernement : devenir le professeur de la classe 3-E. Cependant, si d\'ici une année aucun de ses élèves ne parvient à le tuer, la Terre connaîtra le même sort que celui de la Lune !','/static/AssassinationClassroomTome1.JPG','Matsui Yusei','Matsui Yusei','Matsui Yusei',2012,6,1,1,1,'2018-07-06','2016-07-04'),(35,'Les Carnets de l\'Apothicaire','À 17 ans, Mao Mao a une vie compliquée. Formée dès son jeune âge par un apothicaire du quartier des plaisirs, elle se retrouve enlevée et vendue comme servante dans le quartier des femmes du palais impérial ! Entouré de hauts murs, il est coupé du monde extérieur. Afin de survivre dans cette prison de luxe grouillant de complots et de basses manœuvres, la jeune fille tente de cacher ses connaissances pour se fondre dans la masse.','/static/LcdaTome1.JPG','Hyuga Natsu','Nanao Ikki','Nekokurage',2017,16,3,0,0,NULL,NULL),(36,'Doubt','Rabbit Doubt, un jeu sur téléphone portable qui fait fureur au Japon. Dans ce jeu le but est de débusquer le loup alors que vous faites partie des lapins. Et le loup utilise tous les subterfuges possibles pour créer la confusion et éliminer un par un tous les lapins.','/static/DoubtTome1.JPG','Tonogai Yoshiki','Tonogai Yoshiki','Tonogai Yoshiki',2007,16,1,1,1,'2010-06-10','2009-05-22'),(37,'Cowboy Bebop','Venez suivre les nouvelles aventures des chasseurs de primes : du flegmatique Spike, de l\'ex-policier Jet, de la belle Faye et de Ed le génie, à bord du vaisseau Bepop pour capturer les criminels les plus recherchés de la galaxie contre des modestes récompenses. Contre des proies réticentes, ils emploient leurs compétences propres et échafaudent des plans plus ou moins tordus pour arriver à leurs fins.','/static/CoboyBebopTome1.JPG','Yatate Hajime','Yatate Hajime','Yutaka Nanten',1998,5,2,1,1,'2004-02-18','2000-04-05'),(38,'Red Eyes Sword - Akame ga Kill !','Tatsumi, un jeune et naïf combattant, se rend à la capitale. Il espère y réaliser ses rêves. Par malheur, il se fait dérober la totalité de son argent par une séduisante jeune femme. Le garçon se retrouve alors dans la rue, sans un sou. La chance lui sourit enfin quand une jeune noble lui propose de l\'héberger pour la nuit. D\'abord méfiant, il finit par accepter son offre après une courte discussion. Mais il ne sait pas que, plus tard, sa protectrice sera traquée par un clan de tueurs...','/static/AkameGaKillTome1.JPG','Takahiro','Takahiro','Tashiro Tetsuya',2010,14,1,1,1,'2018-04-12','2017-02-22'),(39,'GTO - Great Teacher Onizuka','Ancien voyou, chef de gang, Eikichi Onizuka décide un jour de devenir prof. Sa vocation n\'a rien de pédagogique. Ce qu\'il veut, c\'est pouvoir sortir avec les étudiantes du lycée où il travaille. Pourtant, au fil des chapitres, on se rend compte que le sens de la justice et de l\'honneur de notre héros vont l\'amener à devenir un véritable enseignant.','/static/GtoTome1.JPG','Fujisawa Toru','Fujisawa Toru','Fujisawa Toru',1997,5,1,1,1,'2003-04-22','2002-04-17');

INSERT INTO volume (title, number_volume, publication_year, image, ISBN, manga_id)
VALUES ('Tome 1', 1, '2002', '/static/naruto.jpg', '2871294143', 1), 
('Tome 2', 2, '2002', '/static/narutoTome2.png', '2871294178', 1),
('Tome 3', 3, '2002', '/static/narutoTome3.png', '2871294275', 1),
('Tome 4', 4, '2002', '/static/narutoTome4.png', '2871294410', 1),
('Tome 5', 5, '2003', '/static/narutoTome5.png', '2871294917', 1),
('Tome 6', 6, '2003', '/static/narutoTome6.png', '2871295115', 1),
('Tome 7', 7, '2003', '/static/narutoTome7.png', '2871295352', 1),
('Tome 8', 8, '2003', '/static/narutoTome8.png', '2871295522', 1),
('Tome 9', 9, '2004', '/static/narutoTome9.png', '2871295999', 1),
('Tome 10', 10, '2004', '/static/narutoTome10.png', '2871296146', 1),
('Tome 11', 11, '2004', '/static/narutoTome11.png', '2871296243', 1),
('Tome 12', 12, '2004', '/static/narutoTome12.png', '2871296359', 1),
('Tome 13', 13, '2004', '/static/narutoTome13.png', '2871296464', 1),
('Tome 14', 14, '2004', '/static/narutoTome14.png', '287129657X', 1),
('Tome 15', 15, '2005', '/static/narutoTome15.png', '2871297045', 1),
('Tome 16', 16, '2005', '/static/narutoTome16.png', '2871297231', 1),
('Tome 17', 17, '2005', '/static/narutoTome17.png', '2871297762', 1),
('Tome 18', 18, '2005', '/static/narutoTome18.png', '2871297975', 1),
('Tome 19', 19, '2005', '/static/narutoTome19.png', '2871298165', 1),
('Tome 20', 20, '2006', '/static/narutoTome20.png', '2871298343', 1),
('Tome 21', 21, '2006', '/static/narutoTome21.png', '2871298904', 1),
('Tome 22', 22, '2006', '/static/narutoTome22.png', '2871299110', 1),
('Tome 23', 23, '2006', '/static/narutoTome23.png', '2871299315', 1),
('Tome 24', 24, '2006', '/static/narutoTome24.png', '2871299617', 1),
('Tome 25', 25, '2006', '/static/narutoTome25.png', '2871299773', 1),
('Tome 26', 26, '2006', '/static/narutoTome26.png', '2871299870', 1),
('Tome 27', 27, '2007', '/static/narutoTome27.png', '250500031X', 1),
('Tome 28', 28, '2007', '/static/narutoTome28.png', '2505000921', 1),
('Tome 29', 29, '2007', '/static/narutoTome29.png', '2505000972', 1),
('Tome 30', 30, '2007', '/static/narutoTome30.png', '2505001529', 1),
('Tome 1', 1, '1993', '/static/dragonBall_db.jpg', '287695205X', 2),
('Tome 2', 2, '1993', '/static/dragonBallTome2.png', '2876952068', 2),
('Tome 3', 3, '1993', '/static/dragonBallTome3.png', '2876952076', 2),
('Tome 4', 4, '1993', '/static/dragonBallTome4.png', '2876952106', 2),
('Tome 6', 6, '1994', '/static/dragonBallTome6.png', '2876952122', 2),
('Tome 7', 7, '1994', '/static/dragonBallTome7.png', '2876952173', 2),
('Tome 8', 8, '1994', '/static/dragonBallTome8.png', '2876952181', 2),
('Tome 9', 9, '1994', '/static/dragonBallTome9.png', '287695219X', 2),
('Tome 10', 10, '1994', '/static/dragonBallTome10.png', '2876952203', 2),
('Tome 13', 13, '1995', '/static/dragonBallTome13.png', '2723418561', 2),
('Tome 15', 15, '1995', '/static/dragonBallTome15.png', '2723418588', 2),
('Tome 17', 17, '1995', '/static/dragonBallTome17.png', '272341860X', 2),
('Tome 18', 18, '1995', '/static/dragonBallTome18.png', '2723418618', 2),
('Tome 19', 19, '1996', '/static/dragonBallTome19.png', '2723419029', 2),
('Tome 20', 20, '1996', '/static/dragonBallTome20.png', '2723419231', 2),
('Tome 25', 25, '1997', '/static/dragonBallTome25.png', '2723422240', 2),
('Tome 26', 26, '1997', '/static/dragonBallTome26.png', '2723422259', 2),
('Tome 29', 29, '1997', '/static/dragonBallTome29.png', '2723423476', 2),
('Tome 1', 1, '2007', '/static/onePieceTome1.jpg', '2505001529', 3),
('Tome 2', 2, '2007', '/static/onePieceTome2.png', '2505001529', 3),
('Tome 3', 3, '2007', '/static/onePieceTome3.png', '2505001529', 3),
('Tome 4', 4, '2007', '/static/onePieceTome4.png', '2505001529', 3),
('Tome 5', 5, '2007', '/static/onePieceTome5.png', '2505001529', 3),
('Tome 6', 6, '2007', '/static/onePieceTome6.png', '2505001529', 3),
('Tome 7', 7, '2007', '/static/onePieceTome7.png', '2505001529', 3),
('Tome 8', 8, '2007', '/static/onePieceTome8.png', '2505001529', 3),
('Tome 9', 9, '2007', '/static/onePieceTome9.png', '2505001529', 3),
('Tome 10', 10, '2007', '/static/onePieceTome10.png', '2505001529', 3),
('Tome 11', 11, '2007', '/static/onePieceTome11.png', '2505001529', 3),
('Tome 12', 12, '2007', '/static/onePieceTome12.png', '2505001529', 3),
('Tome 13', 13, '2007', '/static/onePieceTome13.png', '2505001529', 3),
('Tome 14', 14, '2007', '/static/onePieceTome14.png', '2505001529', 3),
('Tome 15', 15, '2007', '/static/onePieceTome15.png', '2505001529', 3),
('Tome 1', 1, '2000', '/static/nanaTome1.png', '9782840559573', 4),
('Tome 0', 0, '2020', '/static/jujutsuKaisenTome0.png', '1974720144', 5),
('Tome 1', 1, '2020', '/static/jujutsuKaisenTome1.png', '1974710025', 5),
('Tome 2', 2, '2020', '/static/jujutsuKaisenTome2.png', '1974710033', 5),
('Tome 3', 3, '2020', '/static/jujutsuKaisenTome3.png', '1974710041', 5),
('Tome 4', 4, '2020', '/static/jujutsuKaisenTome4.png', '1974714802', 5),
('Tome 5', 5, '2020', '/static/jujutsuKaisenTome5.png', '1974714810', 5),
('Tome 6', 6, '2020', '/static/jujutsuKaisenTome6.png', '1974714829', 5),
('Tome 7', 7, '2020', '/static/jujutsuKaisenTome7.png', '1974717119', 5),
('Tome 8', 8, '2021', '/static/jujutsuKaisenTome8.png', '1974718719', 5),
('Tome 9', 9, '2021', '/static/jujutsuKaisenTome9.png', '1974718727', 5),
('Tome 10', 10, '2021', '/static/jujutsuKaisenTome10.png', '1974720756', 5);

INSERT INTO article_condition (name_condition)
VALUES ('Abimé'), ('Bon état'), ('Comme neuf');

INSERT INTO
user (firstname, lastname, pseudo, email, hashed_password, phone, role, picture)
VALUES
(
  -- firstname
'Julie', 
-- lastname
'Dubois', 
-- pseudo
'Jul', 
-- email
'j.dubois@gmail.com', 
-- password
'01001', 
-- phone
'0611223344', 
-- role
'user', 
-- picture
'/static/julie.jpeg' 
),
(
  -- firstname
'Marc', 
-- lastname
'Tournesol', 
-- pseudo
'Marc2000', 
-- email
'm.tournesol@gmail.com', 
-- password
'110001', 
-- phone
'0611220011', 
-- role
'user', 
-- picture
'/static/marc.jpeg'
);

INSERT INTO address (city, zip_code, number_street, country, name_adress)
VALUES ('Bordeaux', '33000', '18 Boulevard de la Paix', 'France', 'maison'),
('Artigues-près-Bordeaux', '33370', '4 impasse Marc-Antoine', 'France', 'boulot'),
('Paris','75000','145 Avenue du Général Leclerc','France','domicile'),
('Lille','59000','46 Rue Marie-Antoinette','France','Papy et Mamie');

INSERT INTO address_has_user (address_id, user_id)
VALUES ('1','1'),
('2','1'),
('3','2'),
('4','2');

INSERT INTO `advert` VALUES (1,3.00,'Vends manga Naruto en bon état. Seul défaut : la couverture est un peu cornée.',0,0,'Naruto tome 1 en bon état',3,'2024-02-19',0,1,1,2,1),(2,4.00,'Je mets en vente ce tome 2 de Naruto, comme neuf.',0,0,'Naruto tome 2 comme neuf',2,'2024-02-20',0,1,2,3,1),(3,40.00,'Je vends un lot Dragon Ball à bon prix ! Se référencer aux photos pour les tomes constituant le lot.',0,1,'Lot Dragon Ball à saisir !',5,'2024-02-12',0,1,NULL,1,2),(4,20.00,'One Piece 66 67 68 69 70. Je reste disponible si vous voulez plus de photos. Je vends également d\'autres livres n\'hésitez pas à faire un tour sur mon profil.',0,1,'Lot One Piece 66 à 70',5,'2024-02-14',0,1,NULL,2,3),(5,15.00,'Lot de 3 mangas dragon Ball en excellent état - vendeur de confiance',0,1,'Lot Dragon Ball tomes 1 à 3 !',4,'2024-02-21',0,2,NULL,3,2),(6,2.00,'A vendre : tome 1 Nana',0,0,'Nana Tome 1',4,'2024-02-20',0,2,64,1,4),(7,74.00,'Vends mon tome 100 édition collector One Piece, état neuf sous blister.',0,0,'One Piece tome 100 collector',451,'2024-03-15',0,1,NULL,3,3),(8,110.00,'Vends collection complète HxH (1-36), en bon état.',0,1,'HunterxHunter tome 1 à 36.',118,'2024-03-15',0,2,NULL,3,6),(9,35.00,'Vends mon lot D.Gray-man tome 1 à 16.',0,1,'Dr.Gray-man tome 1 à 16',34,'2024-03-14',0,1,NULL,3,25),(10,50.00,'Je vends ma précieuse collection de Sun-Ken Rock collector :).',0,1,'Sun-Ken Rock collector 1 à 13.',65,'2024-03-15',0,2,NULL,3,29),(11,30.00,'Vends lot Alice in Borderland tome 1 à 17 !',0,1,'Alice in Borderland 1 à 17.',89,'2024-02-22',0,1,NULL,2,22),(12,120.00,'Bonjour, je vends mon lot Kingdom en très bon état.',0,1,'Kingdom 1 à 35.',700,'2024-03-15',0,2,NULL,3,27),(13,3.50,'Vends le tome 4 de BlueLock, sous blister.',0,0,'BlueLock tome 4.',4,'2024-03-15',0,2,NULL,3,24),(14,3.00,'Vends tome 1 de Fullmetal Alchemist bon état.',0,0,'Fullmetal Alchemist tome 1.',69,'2024-03-15',0,1,NULL,2,26),(15,35.00,'Je vends mon tome 41 collector de Berserk toujours sous blister.',0,0,'Berserk collector 41.',666,'2024-03-15',0,1,NULL,3,23),(16,2.90,'Vends tome 3 Perfect Crime quasi neuf.',0,0,'Perfect Crime tome 3.',32,'2024-03-20',0,2,NULL,3,16),(17,3.00,'Vends mon tome 9 de Yu-Gi-Oh, un peu usé par le temps',0,0,'Yu-Gi-Oh tome 9',12,'2024-03-20',0,2,NULL,1,28),(18,2.50,'Je vends mon premier tome de Boruto car je le possède en double !',0,0,'Boruto tome 1',46,'2024-03-20',0,1,NULL,2,17),(19,5.00,'Tome 84 de One Piece avec jacket brillante à vendre',0,0,'One Piece tome 84',32,'2024-03-20',0,1,NULL,3,3),(20,4.50,'Je vends mon tome 10 Dragon Ball',0,0,'Dragon Ball tome 10',32,'2024-03-20',0,2,39,1,2),(21,40.00,'Vends mes 13 premiers tomes de Death Note',0,1,'Death Note tomes 1 à 13',78,'2024-03-20',0,1,NULL,3,21),(22,25.00,'Je mets en vente mes tomes de Vagabond 1 à 7',0,1,'Vagabond tome 1 à 7',12,'2024-03-20',0,2,NULL,2,30),(23,12.00,'Trois premiers tomes et tome 17 de MHA en occasion',0,1,'My Hero Academia tome 1-3 et 17',54,'2024-03-20',0,2,NULL,3,31),(24,20.50,'Lot des 8 premiers tomes de JJK',0,1,'Jujutsu Kaisen tome 1 à 8',129,'2024-03-20',0,1,NULL,3,5),(25,200.00,'Collection complète de Fairy Tail à vendre, très bon état !',0,1,'Fairy Tail intégrale',147,'2024-03-20',0,2,NULL,3,9),(26,25.00,'Je vends mes 7 tomes de SNK',0,1,'Attaque des titans tome 1 à 7',45,'2024-03-20',0,2,NULL,2,32),(27,37.00,'Lot des 12 premiers tomes de Bleach en bon état',0,1,'Bleach tomes 1 à 12',34,'2024-03-20',0,1,NULL,2,33),(28,240.00,'Je vends mes mangas Bleach, collection intégrale !!',0,1,'Bleach intégrale',305,'2024-03-20',0,2,NULL,3,33),(29,27.00,'Tomes 1 à 10 de assassination classroom, adapté pour les enfants !',0,1,'Assassination Classroom tome 1 à 10',48,'2024-03-20',0,2,NULL,2,34),(30,10.00,'Je vends les 5 premiers tomes de Detective Conan',0,1,'Detective Conan tome 1 à 5',23,'2024-03-20',0,1,NULL,3,10),(31,7.00,'Coffret contenant les trois premiers volumes des carnets de l apothicaire',0,1,'Carnets de l apothicaire tome 1 à 3',15,'2024-03-20',0,1,NULL,3,35),(32,5.00,'Tome 1 de solo leveling à vendre',0,0,'Solo leveling tome 1',56,'2024-03-20',0,2,NULL,3,11),(33,10.00,'Je vends mes tomes 1 à 4 de Doubt',0,1,'Doubt tome 1 à 4',12,'2024-03-20',0,1,NULL,2,36),(34,80.00,'Edition deluxe tome 1 à 12 de 20th century boys',0,1,'20th century boys tome 1 à 12',78,'2024-03-20',0,1,NULL,2,15),(35,2.50,'Tome 1 de cowboy bebop',0,0,'Cowboy Bebop tome 1',3,'2024-03-20',0,2,NULL,2,37),(36,3.50,'Vends le tome 1 de banana fish bon état!',0,0,'Banana Fish tome 1',32,'2024-03-20',0,2,NULL,3,18),(37,3.00,'A vendre : tome 3 de Akame ga kill',0,0,'Akame ga kill tome 3',16,'2024-03-20',0,2,NULL,2,38),(38,2.80,'Je revends tome 1 de Code Geass, parfait pour découvrir l oeuvre',0,0,'Code Geass tome 1',14,'2024-03-20',0,1,NULL,2,19),(39,4.00,'Tome 3 de Orange, à saisir !',0,0,'Orange tome 3',6,'2024-03-20',0,1,NULL,3,20),(40,3.00,'GTO tome 2 à vendre',0,0,'Great Teacher Onizuka tome 2',90,'2024-03-20',0,2,NULL,2,39), (41, 2.50,'Je vends ce tome 1 du Naruto, n''hésitez pas à me contacter pour plus de détails',0,0,'Naruto tome 1 excellent état',0,'2024-03-26',0,2,1,3,1), (42, 1.50,'Je vends ce tome 4 de Naruto, couverture abimée',0,0,'Naruto tome 4',0,'2024-03-25',0,2,4,1,1);


INSERT INTO `advert_image` 
VALUES (1,'/static/Advert1_Picture1.jpeg',1,1),
(2,'/static/Advert1_Picture2.jpeg',0,1),
(3,'/static/Advert2_Picture1.png',1,2),
(4,'/static/Advert2_Picture2.png',0,2),
(5,'/static/Advert3_Picture1.jpeg',1,3),
(6,'/static/Advert4_Picture1.jpeg',1,4),
(7,'/static/Advert4_Picture2.jpeg',0,4),
(8,'/static/Advert5_Picture1.jpeg',1,5),
(9,'/static/Advert5_Picture1.jpeg',0,5),
(10,'/static/Advert6_Picture1.jpeg',1,6),
(11,'/static/OPcollectorTome100.jpg',1,7),
(12,'/static/hunterxhunterBatch1-36.jpg',1,8),
(13,'/static/dgraymanBatch1-16.jpg',1,9),
(14,'/static/SKRcollectorBatch1-13.jpg',1,10),
(15,'/static/aliceinborderlandBatch1-17.jpeg',1,11),
(16,'/static/Kingdombatch1-35.jpg',1,12),
(17,'/static/bluelockTome4.jpg',1,13),
(18,'/static/FATome1.jpeg',1,14),
(19,'/static/BerserkTomeCollector41.jpeg',1,15),
(20,'/static/PerfectCrimeTome3.jpeg',1,16),
(21,'/static/Advert17_Picture1.jpg',1,17),
(22,'/static/Advert18_Picture1.jpg',1,18),
(23,'/static/Advert19_Picture1.jpg',1,19),
(24,'/static/Advert20_Picture1.jpeg',1,20),
(25,'/static/Advert21_Picture1.jpg',1,21),
(26,'/static/Advert22_Picture1.jpg',1,22),
(27,'/static/Advert23_Picture1.jpg',1,23),
(28,'/static/Advert24_Picture1.jpg',1,24),
(29,'/static/Advert25_Picture1.jpg',1,25),
(30,'/static/Advert26_Picture1.jpg',1,26),
(31,'/static/Advert27_Picture1.jpg',1,27),
(32,'/static/Advert28_Picture1.jpg',1,28),
(33,'/static/Advert29_Picture1.jpg',1,29),
(34,'/static/Advert30_Picture1.jpg',1,30),
(35,'/static/Advert31_Picture1.jpg',1,31),
(36,'/static/Advert32_Picture1.jpg',1,32),
(37,'/static/Advert33_Picture1.jpg',1,33),
(38,'/static/Advert34_Picture1.jpg',1,34),
(39,'/static/Advert35_Picture1.jpg',1,35),
(40,'/static/Advert36_Picture1.jpg',1,36),
(41,'/static/Advert37_Picture1.jpg',1,37),
(42,'/static/Advert38_Picture1.jpg',1,38),
(43,'/static/Advert39_Picture1.jpg',1,39),
(44,'/static/Advert40_Picture1.jpg',1,40),
(45,'/static/Advert41_Picture1.png',1,41),
(46,'/static/Advert41_Picture2.png',0,41),
(47,'/static/Advert42_Picture1.png',1,42),
(48,'/static/Advert42_Picture2.png',0,42);


INSERT INTO `order` (id_user_buy, total_price, order_date, status_order, feedback_order, advert_id, user_id)
VALUES ('2','3.80', '2024/02/20', 'completed', 0, '1', '1'),
('2','4.80', '2024/02/20', 'completed', 0, '2', '1'),
('1','15.80', '2024/02/21', 'completed', 0, '5', '2');

INSERT INTO feedback (rating, comment, created_on, user_buyer, user_id)
VALUES (5, 'Vendeuse très réactive !', '2024/02/19', 2, 1), 
(4, 'Satisfait - produit conforme à la description', '2024/02/21', 2, 1), 
(5, 'Je recommande !', '2024/02/18',2, 1),
(3.5, 'Délai d''envoi assez long, manga en moins bon état que prévu', '2024/02/05', 1, 2), 
(4, 'Satisfait', '2024/02/21', 1, 2);